"Date(UTC)","UnixTimeStamp","Value"
"5/31/2020","1590883200","613"
"6/1/2020","1590969600","614"
"6/2/2020","1591056000","614"
"6/3/2020","1591142400","614"
"6/4/2020","1591228800","614"
"6/5/2020","1591315200","614"
"6/6/2020","1591401600","614"
"6/7/2020","1591488000","614"
"6/8/2020","1591574400","614"
"6/9/2020","1591660800","614"
"6/10/2020","1591747200","614"
"6/11/2020","1591833600","614"
"6/12/2020","1591920000","614"
"6/13/2020","1592006400","614"
"6/14/2020","1592092800","614"
"6/15/2020","1592179200","614"
"6/16/2020","1592265600","614"
"6/17/2020","1592352000","614"
"6/18/2020","1592438400","614"
"6/19/2020","1592524800","614"
"6/20/2020","1592611200","615"
"6/21/2020","1592697600","614"
"6/22/2020","1592784000","614"
"6/23/2020","1592870400","614"
"6/24/2020","1592956800","614"
"6/25/2020","1593043200","614"
"6/26/2020","1593129600","614"
"6/27/2020","1593216000","614"
"6/28/2020","1593302400","614"
"6/29/2020","1593388800","614"
"6/30/2020","1593475200","616"
"7/1/2020","1593561600","614"
"7/2/2020","1593648000","614"
"7/3/2020","1593734400","616"
"7/4/2020","1593820800","614"
"7/5/2020","1593907200","614"
"7/6/2020","1593993600","614"
"7/7/2020","1594080000","616"
"7/8/2020","1594166400","615"
"7/9/2020","1594252800","615"
"7/10/2020","1594339200","614"
"7/11/2020","1594425600","615"
"7/12/2020","1594512000","614"
"7/13/2020","1594598400","614"
"7/14/2020","1594684800","614"
"7/15/2020","1594771200","614"
"7/16/2020","1594857600","616"
"7/17/2020","1594944000","616"
"7/18/2020","1595030400","614"
"7/19/2020","1595116800","622"
"7/20/2020","1595203200","621"
"7/21/2020","1595289600","618"
"7/22/2020","1595376000","618"
"7/23/2020","1595462400","627"
"7/24/2020","1595548800","636"
"7/25/2020","1595635200","617"
"7/26/2020","1595721600","618"
"7/27/2020","1595808000","634"
"7/28/2020","1595894400","617"
"7/29/2020","1595980800","617"
"7/30/2020","1596067200","618"
"7/31/2020","1596153600","618"
"8/1/2020","1596240000","620"
"8/2/2020","1596326400","617"
"8/3/2020","1596412800","624"
"8/4/2020","1596499200","622"
"8/5/2020","1596585600","626"
"8/6/2020","1596672000","623"
"8/7/2020","1596758400","623"
"8/8/2020","1596844800","623"
"8/9/2020","1596931200","623"
"8/10/2020","1597017600","624"
"8/11/2020","1597104000","624"
"8/12/2020","1597190400","625"
"8/13/2020","1597276800","740"
"8/14/2020","1597363200","625"
"8/15/2020","1597449600","626"
"8/16/2020","1597536000","631"
"8/17/2020","1597622400","691"
"8/18/2020","1597708800","658"
"8/19/2020","1597795200","627"
"8/20/2020","1597881600","644"
"8/21/2020","1597968000","627"
"8/22/2020","1598054400","620"
"8/23/2020","1598140800","624"
"8/24/2020","1598227200","622"
"8/25/2020","1598313600","623"
"8/26/2020","1598400000","627"
"8/27/2020","1598486400","628"
"8/28/2020","1598572800","634"
"8/29/2020","1598659200","624"
"8/30/2020","1598745600","629"
"8/31/2020","1598832000","626"
"9/1/2020","1598918400","629"
"9/2/2020","1599004800","642"
"9/3/2020","1599091200","635"
"9/4/2020","1599177600","633"
"9/5/2020","1599264000","633"
"9/6/2020","1599350400","628"
"9/7/2020","1599436800","638"
"9/8/2020","1599523200","647"
"9/9/2020","1599609600","631"
"9/10/2020","1599696000","684"
"9/11/2020","1599782400","641"
"9/12/2020","1599868800","643"
"9/13/2020","1599955200","657"
"9/14/2020","1600041600","657"
"9/15/2020","1600128000","664"
"9/16/2020","1600214400","654"
"9/17/2020","1600300800","641"
"9/18/2020","1600387200","634"
"9/19/2020","1600473600","666"
"9/20/2020","1600560000","641"
"9/21/2020","1600646400","652"
"9/22/2020","1600732800","656"
"9/23/2020","1600819200","725"
"9/24/2020","1600905600","706"
"9/25/2020","1600992000","1609"
"9/26/2020","1601078400","703"
"9/27/2020","1601164800","727"
"9/28/2020","1601251200","750"
"9/29/2020","1601337600","724"
"9/30/2020","1601424000","737"
"10/1/2020","1601510400","759"
"10/2/2020","1601596800","751"
"10/3/2020","1601683200","720"
"10/4/2020","1601769600","731"
"10/5/2020","1601856000","733"
"10/6/2020","1601942400","724"
"10/7/2020","1602028800","724"
"10/8/2020","1602115200","733"
"10/9/2020","1602201600","747"
"10/10/2020","1602288000","738"
"10/11/2020","1602374400","740"
"10/12/2020","1602460800","747"
"10/13/2020","1602547200","750"
"10/14/2020","1602633600","736"
"10/15/2020","1602720000","744"
"10/16/2020","1602806400","746"
"10/17/2020","1602892800","755"
"10/18/2020","1602979200","743"
"10/19/2020","1603065600","714"
"10/20/2020","1603152000","686"
"10/21/2020","1603238400","697"
"10/22/2020","1603324800","712"
"10/23/2020","1603411200","713"
"10/24/2020","1603497600","696"
"10/25/2020","1603584000","697"
"10/26/2020","1603670400","696"
"10/27/2020","1603756800","691"
"10/28/2020","1603843200","696"
"10/29/2020","1603929600","716"
"10/30/2020","1604016000","716"
"10/31/2020","1604102400","725"
"11/1/2020","1604188800","729"
"11/2/2020","1604275200","696"
"11/3/2020","1604361600","746"
"11/4/2020","1604448000","923"
"11/5/2020","1604534400","940"
"11/6/2020","1604620800","954"
"11/7/2020","1604707200","753"
"11/8/2020","1604793600","730"
"11/9/2020","1604880000","804"
"11/10/2020","1604966400","835"
"11/11/2020","1605052800","769"
"11/12/2020","1605139200","803"
"11/13/2020","1605225600","796"
"11/14/2020","1605312000","771"
"11/15/2020","1605398400","772"
"11/16/2020","1605484800","756"
"11/17/2020","1605571200","714"
"11/18/2020","1605657600","743"
"11/19/2020","1605744000","742"
"11/20/2020","1605830400","748"
"11/21/2020","1605916800","744"
"11/22/2020","1606003200","762"
"11/23/2020","1606089600","769"
"11/24/2020","1606176000","791"
"11/25/2020","1606262400","815"
"11/26/2020","1606348800","843"
"11/27/2020","1606435200","803"
"11/28/2020","1606521600","782"
"11/29/2020","1606608000","772"
"11/30/2020","1606694400","868"
"12/1/2020","1606780800","1015"
"12/2/2020","1606867200","1985"
"12/3/2020","1606953600","2027"
"12/4/2020","1607040000","1708"
"12/5/2020","1607126400","1504"
"12/6/2020","1607212800","1485"
"12/7/2020","1607299200","1482"
"12/8/2020","1607385600","1516"
"12/9/2020","1607472000","2672"
"12/10/2020","1607558400","1438"
"12/11/2020","1607644800","1597"
"12/12/2020","1607731200","1581"
"12/13/2020","1607817600","1568"
"12/14/2020","1607904000","1577"
"12/15/2020","1607990400","1711"
"12/16/2020","1608076800","1671"
"12/17/2020","1608163200","1622"
"12/18/2020","1608249600","1472"
"12/19/2020","1608336000","1129"
"12/20/2020","1608422400","1141"
"12/21/2020","1608508800","1133"
"12/22/2020","1608595200","1188"
"12/23/2020","1608681600","1238"
"12/24/2020","1608768000","1213"
"12/25/2020","1608854400","1130"
"12/26/2020","1608940800","1116"
"12/27/2020","1609027200","1191"
"12/28/2020","1609113600","1138"
"12/29/2020","1609200000","1139"
"12/30/2020","1609286400","1128"
"12/31/2020","1609372800","1088"
"1/1/2021","1609459200","1112"
"1/2/2021","1609545600","1150"
"1/3/2021","1609632000","1148"
"1/4/2021","1609718400","1191"
"1/5/2021","1609804800","1180"
"1/6/2021","1609891200","1207"
"1/7/2021","1609977600","1191"
"1/8/2021","1610064000","1210"
"1/9/2021","1610150400","1183"
"1/10/2021","1610236800","1244"
"1/11/2021","1610323200","1303"
"1/12/2021","1610409600","1325"
"1/13/2021","1610496000","1403"
"1/14/2021","1610582400","1411"
"1/15/2021","1610668800","1326"
"1/16/2021","1610755200","1139"
"1/17/2021","1610841600","1155"
"1/18/2021","1610928000","1535"
"1/19/2021","1611014400","1987"
"1/20/2021","1611100800","1980"
"1/21/2021","1611187200","2258"
"1/22/2021","1611273600","2437"
"1/23/2021","1611360000","1316"
"1/24/2021","1611446400","2015"
"1/25/2021","1611532800","1725"
"1/26/2021","1611619200","1868"
"1/27/2021","1611705600","1928"
"1/28/2021","1611792000","2037"
"1/29/2021","1611878400","2238"
"1/30/2021","1611964800","1952"
"1/31/2021","1612051200","1807"
"2/1/2021","1612137600","1670"
"2/2/2021","1612224000","1718"
"2/3/2021","1612310400","1707"
"2/4/2021","1612396800","1654"
"2/5/2021","1612483200","1722"
"2/6/2021","1612569600","1708"
"2/7/2021","1612656000","1724"
"2/8/2021","1612742400","1778"
"2/9/2021","1612828800","1741"
"2/10/2021","1612915200","1935"
"2/11/2021","1613001600","1884"
"2/12/2021","1613088000","1972"
"2/13/2021","1613174400","1914"
"2/14/2021","1613260800","1717"
"2/15/2021","1613347200","1998"
"2/16/2021","1613433600","2265"
"2/17/2021","1613520000","1942"
"2/18/2021","1613606400","1961"
"2/19/2021","1613692800","2103"
"2/20/2021","1613779200","2003"
"2/21/2021","1613865600","2168"
"2/22/2021","1613952000","2273"
"2/23/2021","1614038400","2220"
"2/24/2021","1614124800","2285"
"2/25/2021","1614211200","2408"
"2/26/2021","1614297600","2140"
"2/27/2021","1614384000","2110"
"2/28/2021","1614470400","2373"
"3/1/2021","1614556800","2553"
"3/2/2021","1614643200","3215"
"3/3/2021","1614729600","2464"
"3/4/2021","1614816000","2642"
"3/5/2021","1614902400","2444"
"3/6/2021","1614988800","2405"
"3/7/2021","1615075200","2509"
"3/8/2021","1615161600","2512"
"3/9/2021","1615248000","2616"
"3/10/2021","1615334400","2566"
"3/11/2021","1615420800","2828"
"3/12/2021","1615507200","2731"
"3/13/2021","1615593600","2548"
"3/14/2021","1615680000","2879"
"3/15/2021","1615766400","2906"
"3/16/2021","1615852800","3615"
"3/17/2021","1615939200","4347"
"3/18/2021","1616025600","4129"
"3/19/2021","1616112000","4248"
"3/20/2021","1616198400","3787"
"3/21/2021","1616284800","4543"
"3/22/2021","1616371200","4708"
"3/23/2021","1616457600","3341"
"3/24/2021","1616544000","3729"
"3/25/2021","1616630400","3040"
"3/26/2021","1616716800","2827"
"3/27/2021","1616803200","2893"
"3/28/2021","1616889600","2807"
"3/29/2021","1616976000","3296"
"3/30/2021","1617062400","2946"
"3/31/2021","1617148800","3152"
"4/1/2021","1617235200","3225"
"4/2/2021","1617321600","3742"
"4/3/2021","1617408000","3367"
"4/4/2021","1617494400","2885"
"4/5/2021","1617580800","4414"
"4/6/2021","1617667200","3328"
"4/7/2021","1617753600","3919"
"4/8/2021","1617840000","3568"
"4/9/2021","1617926400","3611"
"4/10/2021","1618012800","3161"
"4/11/2021","1618099200","3691"
"4/12/2021","1618185600","3597"
"4/13/2021","1618272000","4077"
"4/14/2021","1618358400","5830"
"4/15/2021","1618444800","4392"
"4/16/2021","1618531200","3993"
"4/17/2021","1618617600","3348"
"4/18/2021","1618704000","5353"
"4/19/2021","1618790400","5178"
"4/20/2021","1618876800","5113"
"4/21/2021","1618963200","4722"
"4/22/2021","1619049600","6273"
"4/23/2021","1619136000","9941"
"4/24/2021","1619222400","7194"
"4/25/2021","1619308800","9065"
"4/26/2021","1619395200","16672"
"4/27/2021","1619481600","18051"
"4/28/2021","1619568000","20238"
"4/29/2021","1619654400","16631"
"4/30/2021","1619740800","18066"
"5/1/2021","1619827200","23977"
"5/2/2021","1619913600","20954"
"5/3/2021","1620000000","15907"
"5/4/2021","1620086400","20164"
"5/5/2021","1620172800","16142"
"5/6/2021","1620259200","17081"
"5/7/2021","1620345600","29055"
"5/8/2021","1620432000","27379"
"5/9/2021","1620518400","27752"
"5/10/2021","1620604800","32497"
"5/11/2021","1620691200","30711"
"5/12/2021","1620777600","38030"
"5/13/2021","1620864000","32626"
"5/14/2021","1620950400","35177"
"5/15/2021","1621036800","36019"
"5/16/2021","1621123200","33395"
"5/17/2021","1621209600","37797"
"5/18/2021","1621296000","49949"
"5/19/2021","1621382400","73365"
"5/20/2021","1621468800","58103"
"5/21/2021","1621555200","55323"
"5/22/2021","1621641600","54285"
"5/23/2021","1621728000","55146"
"5/24/2021","1621814400","59648"
"5/25/2021","1621900800","64882"
"5/26/2021","1621987200","62754"
"5/27/2021","1622073600","59566"
"5/28/2021","1622160000","68671"
"5/29/2021","1622246400","62180"
"5/30/2021","1622332800","68755"
"5/31/2021","1622419200","61367"
"6/1/2021","1622505600","63345"
"6/2/2021","1622592000","69355"
"6/3/2021","1622678400","54875"
"6/4/2021","1622764800","62310"
"6/5/2021","1622851200","72719"
"6/6/2021","1622937600","72810"
"6/7/2021","1623024000","77523"
"6/8/2021","1623110400","70375"
"6/9/2021","1623196800","83193"
"6/10/2021","1623283200","90594"
"6/11/2021","1623369600","139125"
"6/12/2021","1623456000","64768"
"6/13/2021","1623542400","72056"
"6/14/2021","1623628800","69055"
"6/15/2021","1623715200","74803"
"6/16/2021","1623801600","87811"
"6/17/2021","1623888000","82895"
"6/18/2021","1623974400","76978"
"6/19/2021","1624060800","64995"
"6/20/2021","1624147200","58469"
"6/21/2021","1624233600","71196"
"6/22/2021","1624320000","79377"
"6/23/2021","1624406400","68307"
"6/24/2021","1624492800","75049"
"6/25/2021","1624579200","58351"
"6/26/2021","1624665600","68943"
"6/27/2021","1624752000","67035"
"6/28/2021","1624838400","82310"
"6/29/2021","1624924800","84140"
"6/30/2021","1625011200","87755"
"7/1/2021","1625097600","85485"
"7/2/2021","1625184000","68745"
"7/3/2021","1625270400","73861"
"7/4/2021","1625356800","69763"
"7/5/2021","1625443200","65797"
"7/6/2021","1625529600","74689"
"7/7/2021","1625616000","68029"
"7/8/2021","1625702400","81980"
"7/9/2021","1625788800","97680"
"7/10/2021","1625875200","88683"
"7/11/2021","1625961600","79896"
"7/12/2021","1626048000","80891"
"7/13/2021","1626134400","73800"
"7/14/2021","1626220800","78594"
"7/15/2021","1626307200","73790"
"7/16/2021","1626393600","75857"
"7/17/2021","1626480000","73017"
"7/18/2021","1626566400","71629"
"7/19/2021","1626652800","90745"
"7/20/2021","1626739200","93912"
"7/21/2021","1626825600","83284"
"7/22/2021","1626912000","84392"
"7/23/2021","1626998400","98548"
"7/24/2021","1627084800","80764"
"7/25/2021","1627171200","81412"
"7/26/2021","1627257600","111012"
"7/27/2021","1627344000","80689"
"7/28/2021","1627430400","91590"
"7/29/2021","1627516800","88078"
"7/30/2021","1627603200","86431"
"7/31/2021","1627689600","70367"
"8/1/2021","1627776000","65856"
"8/2/2021","1627862400","62925"
"8/3/2021","1627948800","63967"
"8/4/2021","1628035200","59825"
"8/5/2021","1628121600","69400"
"8/6/2021","1628208000","59046"
"8/7/2021","1628294400","59975"
"8/8/2021","1628380800","66532"
"8/9/2021","1628467200","75492"
"8/10/2021","1628553600","69555"
"8/11/2021","1628640000","75211"
"8/12/2021","1628726400","68910"
"8/13/2021","1628812800","74787"
"8/14/2021","1628899200","63128"
"8/15/2021","1628985600","67181"
"8/16/2021","1629072000","65680"
"8/17/2021","1629158400","68994"
"8/18/2021","1629244800","71559"
"8/19/2021","1629331200","72441"
"8/20/2021","1629417600","70062"
"8/21/2021","1629504000","66889"
"8/22/2021","1629590400","75265"
"8/23/2021","1629676800","74428"
"8/24/2021","1629763200","77766"
"8/25/2021","1629849600","80493"
"8/26/2021","1629936000","72998"
"8/27/2021","1630022400","65532"
"8/28/2021","1630108800","70663"
"8/29/2021","1630195200","76206"
"8/30/2021","1630281600","73417"
"8/31/2021","1630368000","73042"
"9/1/2021","1630454400","75987"
"9/2/2021","1630540800","71338"
"9/3/2021","1630627200","75184"
"9/4/2021","1630713600","75715"
"9/5/2021","1630800000","74065"
"9/6/2021","1630886400","73792"
"9/7/2021","1630972800","100061"
"9/8/2021","1631059200","96770"
"9/9/2021","1631145600","93383"
"9/10/2021","1631232000","100714"
"9/11/2021","1631318400","95913"
"9/12/2021","1631404800","89648"
"9/13/2021","1631491200","87778"
"9/14/2021","1631577600","83580"
"9/15/2021","1631664000","86337"
"9/16/2021","1631750400","89717"
"9/17/2021","1631836800","84486"
"9/18/2021","1631923200","83086"
"9/19/2021","1632009600","79194"
"9/20/2021","1632096000","95241"
"9/21/2021","1632182400","91853"
"9/22/2021","1632268800","87977"
"9/23/2021","1632355200","85696"
"9/24/2021","1632441600","87523"
"9/25/2021","1632528000","83932"
"9/26/2021","1632614400","95776"
"9/27/2021","1632700800","96699"
"9/28/2021","1632787200","90309"
"9/29/2021","1632873600","92070"
"9/30/2021","1632960000","88036"
"10/1/2021","1633046400","81391"
"10/2/2021","1633132800","82947"
"10/3/2021","1633219200","88549"
"10/4/2021","1633305600","93944"
"10/5/2021","1633392000","75756"
"10/6/2021","1633478400","67543"
"10/7/2021","1633564800","64457"
"10/8/2021","1633651200","62418"
"10/9/2021","1633737600","50251"
"10/10/2021","1633824000","55247"
"10/11/2021","1633910400","71237"
"10/12/2021","1633996800","63681"
"10/13/2021","1634083200","64543"
"10/14/2021","1634169600","65291"
"10/15/2021","1634256000","72718"
"10/16/2021","1634342400","64790"
"10/17/2021","1634428800","62185"
"10/18/2021","1634515200","97255"
"10/19/2021","1634601600","82511"
"10/20/2021","1634688000","70331"
"10/21/2021","1634774400","64400"
"10/22/2021","1634860800","69456"
"10/23/2021","1634947200","64435"
"10/24/2021","1635033600","65231"
"10/25/2021","1635120000","86849"
"10/26/2021","1635206400","75349"
"10/27/2021","1635292800","80810"
"10/28/2021","1635379200","82956"
"10/29/2021","1635465600","111740"
"10/30/2021","1635552000","66125"
"10/31/2021","1635638400","63559"
"11/1/2021","1635724800","75722"
"11/2/2021","1635811200","70102"
"11/3/2021","1635897600","71939"
"11/4/2021","1635984000","58640"
"11/5/2021","1636070400","57382"
"11/6/2021","1636156800","49658"
"11/7/2021","1636243200","52545"
"11/8/2021","1636329600","90823"
"11/9/2021","1636416000","66747"
"11/10/2021","1636502400","73740"
"11/11/2021","1636588800","84604"
"11/12/2021","1636675200","84251"
"11/13/2021","1636761600","70369"
"11/14/2021","1636848000","68713"
"11/15/2021","1636934400","81300"
"11/16/2021","1637020800","76188"
"11/17/2021","1637107200","74610"
"11/18/2021","1637193600","73479"
"11/19/2021","1637280000","66199"
"11/20/2021","1637366400","63692"
"11/21/2021","1637452800","63004"
"11/22/2021","1637539200","79790"
"11/23/2021","1637625600","79026"
"11/24/2021","1637712000","75757"
"11/25/2021","1637798400","79983"
"11/26/2021","1637884800","84129"
"11/27/2021","1637971200","66964"
"11/28/2021","1638057600","70235"
"11/29/2021","1638144000","84747"
"11/30/2021","1638230400","82311"
"12/1/2021","1638316800","71985"
"12/2/2021","1638403200","75206"
"12/3/2021","1638489600","73587"
"12/4/2021","1638576000","80078"
"12/5/2021","1638662400","61441"
"12/6/2021","1638748800","105903"
"12/7/2021","1638835200","65743"
"12/8/2021","1638921600","62042"
"12/9/2021","1639008000","68056"
"12/10/2021","1639094400","68871"
"12/11/2021","1639180800","60047"
"12/12/2021","1639267200","57962"
"12/13/2021","1639353600","80240"
"12/14/2021","1639440000","66012"
"12/15/2021","1639526400","69595"
"12/16/2021","1639612800","58177"
"12/17/2021","1639699200","57332"
"12/18/2021","1639785600","54937"
"12/19/2021","1639872000","64408"
"12/20/2021","1639958400","64449"
"12/21/2021","1640044800","58742"
"12/22/2021","1640131200","62849"
"12/23/2021","1640217600","62998"
"12/24/2021","1640304000","62943"
"12/25/2021","1640390400","52398"
"12/26/2021","1640476800","55300"
"12/27/2021","1640563200","64723"
"12/28/2021","1640649600","67126"
"12/29/2021","1640736000","66712"
"12/30/2021","1640822400","78157"
"12/31/2021","1640908800","176234"
"1/1/2022","1640995200","197435"
"1/2/2022","1641081600","127354"
"1/3/2022","1641168000","124032"
"1/4/2022","1641254400","120726"
"1/5/2022","1641340800","126037"
"1/6/2022","1641427200","117029"
"1/7/2022","1641513600","95541"
"1/8/2022","1641600000","54956"
"1/9/2022","1641686400","59053"
"1/10/2022","1641772800","70349"
"1/11/2022","1641859200","65596"
"1/12/2022","1641945600","78394"
"1/13/2022","1642032000","67056"
"1/14/2022","1642118400","67253"
"1/15/2022","1642204800","69210"
"1/16/2022","1642291200","60734"
"1/17/2022","1642377600","64614"
"1/18/2022","1642464000","52497"
"1/19/2022","1642550400","46814"
"1/20/2022","1642636800","51314"
"1/21/2022","1642723200","55477"
"1/22/2022","1642809600","54031"
"1/23/2022","1642896000","53468"
"1/24/2022","1642982400","54212"
"1/25/2022","1643068800","54901"
"1/26/2022","1643155200","59724"
"1/27/2022","1643241600","61827"
"1/28/2022","1643328000","60696"
"1/29/2022","1643414400","57619"
"1/30/2022","1643500800","56938"
"1/31/2022","1643587200","60657"
"2/1/2022","1643673600","62184"
"2/2/2022","1643760000","59390"
"2/3/2022","1643846400","68320"
"2/4/2022","1643932800","65359"
"2/5/2022","1644019200","62153"
"2/6/2022","1644105600","63411"
"2/7/2022","1644192000","67476"
"2/8/2022","1644278400","75542"
"2/9/2022","1644364800","67607"
"2/10/2022","1644451200","66619"
"2/11/2022","1644537600","69932"
"2/12/2022","1644624000","65356"
"2/13/2022","1644710400","73355"
"2/14/2022","1644796800","75691"
"2/15/2022","1644883200","66215"
"2/16/2022","1644969600","61846"
"2/17/2022","1645056000","52841"
"2/18/2022","1645142400","53100"
"2/19/2022","1645228800","54686"
"2/20/2022","1645315200","46594"
"2/21/2022","1645401600","49730"
"2/22/2022","1645488000","60976"
"2/23/2022","1645574400","55564"
"2/24/2022","1645660800","60769"
"2/25/2022","1645747200","54445"
"2/26/2022","1645833600","45866"
"2/27/2022","1645920000","59549"
"2/28/2022","1646006400","68992"
"3/1/2022","1646092800","65679"
"3/2/2022","1646179200","49327"
"3/3/2022","1646265600","44662"
"3/4/2022","1646352000","50924"
"3/5/2022","1646438400","43687"
"3/6/2022","1646524800","46435"
"3/7/2022","1646611200","47881"
"3/8/2022","1646697600","50402"
"3/9/2022","1646784000","52391"
"3/10/2022","1646870400","52547"
"3/11/2022","1646956800","57529"
"3/12/2022","1647043200","52505"
"3/13/2022","1647129600","49865"
"3/14/2022","1647216000","49874"
"3/15/2022","1647302400","52704"
"3/16/2022","1647388800","57844"
"3/17/2022","1647475200","56081"
"3/18/2022","1647561600","54013"
"3/19/2022","1647648000","55827"
"3/20/2022","1647734400","50048"
"3/21/2022","1647820800","49735"
"3/22/2022","1647907200","53766"
"3/23/2022","1647993600","52695"
"3/24/2022","1648080000","53637"
"3/25/2022","1648166400","50828"
"3/26/2022","1648252800","45011"
"3/27/2022","1648339200","46843"
"3/28/2022","1648425600","51498"
"3/29/2022","1648512000","52065"
"3/30/2022","1648598400","50917"
"3/31/2022","1648684800","53108"
"4/1/2022","1648771200","51630"
"4/2/2022","1648857600","49638"
"4/3/2022","1648944000","49307"
"4/4/2022","1649030400","54599"
"4/5/2022","1649116800","52197"
"4/6/2022","1649203200","54174"
"4/7/2022","1649289600","57529"
"4/8/2022","1649376000","55569"
"4/9/2022","1649462400","49246"
"4/10/2022","1649548800","49663"
"4/11/2022","1649635200","55955"
"4/12/2022","1649721600","57246"
"4/13/2022","1649808000","55179"
"4/14/2022","1649894400","54967"
"4/15/2022","1649980800","57098"
"4/16/2022","1650067200","54039"
"4/17/2022","1650153600","52565"
"4/18/2022","1650240000","56889"
"4/19/2022","1650326400","55562"
"4/20/2022","1650412800","57550"
"4/21/2022","1650499200","56246"
"4/22/2022","1650585600","55995"
"4/23/2022","1650672000","53620"
"4/24/2022","1650758400","53171"
"4/25/2022","1650844800","61559"
"4/26/2022","1650931200","57579"
"4/27/2022","1651017600","58756"
"4/28/2022","1651104000","76053"
"4/29/2022","1651190400","62562"
"4/30/2022","1651276800","58458"
"5/1/2022","1651363200","56449"
"5/2/2022","1651449600","57251"
"5/3/2022","1651536000","57376"
"5/4/2022","1651622400","57858"
"5/5/2022","1651708800","59599"
"5/6/2022","1651795200","62727"
"5/7/2022","1651881600","55834"
"5/8/2022","1651968000","57099"
"5/9/2022","1652054400","70041"
"5/10/2022","1652140800","62212"
"5/11/2022","1652227200","70076"
"5/12/2022","1652313600","75364"
"5/13/2022","1652400000","70264"
"5/14/2022","1652486400","61156"
"5/15/2022","1652572800","54476"
"5/16/2022","1652659200","74724"
"5/17/2022","1652745600","56110"
"5/18/2022","1652832000","55313"
"5/19/2022","1652918400","54937"
"5/20/2022","1653004800","53099"
"5/21/2022","1653091200","47344"
"5/22/2022","1653177600","46890"
"5/23/2022","1653264000","50385"
"5/24/2022","1653350400","49624"
"5/25/2022","1653436800","52629"
"5/26/2022","1653523200","54833"
"5/27/2022","1653609600","59860"
"5/28/2022","1653696000","49974"
"5/29/2022","1653782400","43616"
"5/30/2022","1653868800","50767"
"5/31/2022","1653955200","50336"
"6/1/2022","1654041600","50155"
"6/2/2022","1654128000","46065"
"6/3/2022","1654214400","47140"
"6/4/2022","1654300800","46692"
"6/5/2022","1654387200","45967"
"6/6/2022","1654473600","51773"
"6/7/2022","1654560000","52534"
"6/8/2022","1654646400","50346"
"6/9/2022","1654732800","50054"
"6/10/2022","1654819200","52887"
"6/11/2022","1654905600","51887"
"6/12/2022","1654992000","53411"
"6/13/2022","1655078400","65413"
"6/14/2022","1655164800","62319"
"6/15/2022","1655251200","64248"
"6/16/2022","1655337600","61459"
"6/17/2022","1655424000","53241"
"6/18/2022","1655510400","62399"
"6/19/2022","1655596800","56932"
"6/20/2022","1655683200","62186"
"6/21/2022","1655769600","57138"
"6/22/2022","1655856000","57485"
"6/23/2022","1655942400","60064"
"6/24/2022","1656028800","61493"
"6/25/2022","1656115200","56386"
"6/26/2022","1656201600","51157"
"6/27/2022","1656288000","57752"
"6/28/2022","1656374400","54963"
"6/29/2022","1656460800","59418"
"6/30/2022","1656547200","60167"
"7/1/2022","1656633600","55175"
"7/2/2022","1656720000","52774"
"7/3/2022","1656806400","52398"
"7/4/2022","1656892800","55197"
"7/5/2022","1656979200","57282"
"7/6/2022","1657065600","55481"
"7/7/2022","1657152000","49746"
"7/8/2022","1657238400","53836"
"7/9/2022","1657324800","44999"
"7/10/2022","1657411200","43255"
"7/11/2022","1657497600","50680"
"7/12/2022","1657584000","55026"
"7/13/2022","1657670400","58124"
"7/14/2022","1657756800","60884"
"7/15/2022","1657843200","59143"
"7/16/2022","1657929600","53873"
"7/17/2022","1658016000","54143"
"7/18/2022","1658102400","61927"
"7/19/2022","1658188800","57261"
"7/20/2022","1658275200","52875"
"7/21/2022","1658361600","58338"
"7/22/2022","1658448000","56421"
"7/23/2022","1658534400","52569"
"7/24/2022","1658620800","51221"
"7/25/2022","1658707200","61361"
"7/26/2022","1658793600","54835"
"7/27/2022","1658880000","49641"
"7/28/2022","1658966400","55344"
"7/29/2022","1659052800","54965"
"7/30/2022","1659139200","52196"
"7/31/2022","1659225600","51898"
"8/1/2022","1659312000","53194"
"8/2/2022","1659398400","46498"
"8/3/2022","1659484800","47976"
"8/4/2022","1659571200","50865"
"8/5/2022","1659657600","52995"
"8/6/2022","1659744000","48864"
"8/7/2022","1659830400","51847"
"8/8/2022","1659916800","55117"
"8/9/2022","1660003200","52949"
"8/10/2022","1660089600","58976"
"8/11/2022","1660176000","56012"
"8/12/2022","1660262400","53427"
"8/13/2022","1660348800","54500"
"8/14/2022","1660435200","47670"
"8/15/2022","1660521600","54909"
"8/16/2022","1660608000","50279"
"8/17/2022","1660694400","55602"
"8/18/2022","1660780800","50227"
"8/19/2022","1660867200","56028"
"8/20/2022","1660953600","50137"
"8/21/2022","1661040000","47224"
"8/22/2022","1661126400","52716"
"8/23/2022","1661212800","53411"
"8/24/2022","1661299200","52002"
"8/25/2022","1661385600","51503"
"8/26/2022","1661472000","58645"
"8/27/2022","1661558400","52480"
"8/28/2022","1661644800","50296"
"8/29/2022","1661731200","54952"
"8/30/2022","1661817600","64097"
"8/31/2022","1661904000","56070"
"9/1/2022","1661990400","51206"
"9/2/2022","1662076800","46342"
"9/3/2022","1662163200","40738"
"9/4/2022","1662249600","38077"
"9/5/2022","1662336000","44531"
"9/6/2022","1662422400","45177"
"9/7/2022","1662508800","47168"
"9/8/2022","1662595200","43861"
"9/9/2022","1662681600","47960"
"9/10/2022","1662768000","44355"
"9/11/2022","1662854400","42991"
"9/12/2022","1662940800","45937"
"9/13/2022","1663027200","47148"
"9/14/2022","1663113600","43916"
"9/15/2022","1663200000","48174"
"9/16/2022","1663286400","46760"
"9/17/2022","1663372800","38071"
"9/18/2022","1663459200","44033"
"9/19/2022","1663545600","44239"
"9/20/2022","1663632000","44943"
"9/21/2022","1663718400","49310"
"9/22/2022","1663804800","45077"
"9/23/2022","1663891200","46042"
"9/24/2022","1663977600","38932"
"9/25/2022","1664064000","41578"
"9/26/2022","1664150400","53746"
"9/27/2022","1664236800","54897"
"9/28/2022","1664323200","52651"
"9/29/2022","1664409600","54293"
"9/30/2022","1664496000","56006"
"10/1/2022","1664582400","48306"
"10/2/2022","1664668800","51256"
"10/3/2022","1664755200","55753"
"10/4/2022","1664841600","51145"
"10/5/2022","1664928000","44421"
"10/6/2022","1665014400","43789"
"10/7/2022","1665100800","45542"
"10/8/2022","1665187200","43899"
"10/9/2022","1665273600","42658"
"10/10/2022","1665360000","46985"
"10/11/2022","1665446400","46846"
"10/12/2022","1665532800","43131"
"10/13/2022","1665619200","44185"
"10/14/2022","1665705600","42037"
"10/15/2022","1665792000","37551"
"10/16/2022","1665878400","42905"
"10/17/2022","1665964800","43872"
"10/18/2022","1666051200","40174"
"10/19/2022","1666137600","38439"
"10/20/2022","1666224000","36220"
"10/21/2022","1666310400","39160"
"10/22/2022","1666396800","36210"
"10/23/2022","1666483200","36855"
"10/24/2022","1666569600","39595"
"10/25/2022","1666656000","42448"
"10/26/2022","1666742400","44434"
"10/27/2022","1666828800","44001"
"10/28/2022","1666915200","43608"
"10/29/2022","1667001600","43239"
"10/30/2022","1667088000","44427"
"10/31/2022","1667174400","44845"
"11/1/2022","1667260800","43228"
"11/2/2022","1667347200","45277"
"11/3/2022","1667433600","43346"
"11/4/2022","1667520000","44793"
"11/5/2022","1667606400","43263"
"11/6/2022","1667692800","41222"
"11/7/2022","1667779200","45630"
"11/8/2022","1667865600","44298"
"11/9/2022","1667952000","54650"
"11/10/2022","1668038400","53538"
"11/11/2022","1668124800","53392"
"11/12/2022","1668211200","50164"
"11/13/2022","1668297600","45861"
"11/14/2022","1668384000","47602"
"11/15/2022","1668470400","52101"
"11/16/2022","1668556800","50010"
"11/17/2022","1668643200","47259"
"11/18/2022","1668729600","46441"
"11/19/2022","1668816000","42616"
"11/20/2022","1668902400","46402"
"11/21/2022","1668988800","49559"
"11/22/2022","1669075200","46296"
"11/23/2022","1669161600","47810"
"11/24/2022","1669248000","48445"
"11/25/2022","1669334400","51396"
"11/26/2022","1669420800","45431"
"11/27/2022","1669507200","45534"
"11/28/2022","1669593600","47768"
"11/29/2022","1669680000","50229"
"11/30/2022","1669766400","52038"
"12/1/2022","1669852800","49628"
"12/2/2022","1669939200","51396"
"12/3/2022","1670025600","49802"
"12/4/2022","1670112000","49840"
"12/5/2022","1670198400","48909"
"12/6/2022","1670284800","50726"
"12/7/2022","1670371200","54285"
"12/8/2022","1670457600","56469"
"12/9/2022","1670544000","55368"
"12/10/2022","1670630400","53415"
"12/11/2022","1670716800","50758"
"12/12/2022","1670803200","52547"
"12/13/2022","1670889600","55152"
"12/14/2022","1670976000","57475"
"12/15/2022","1671062400","55062"
"12/16/2022","1671148800","54296"
"12/17/2022","1671235200","53888"
"12/18/2022","1671321600","50940"
"12/19/2022","1671408000","53189"
"12/20/2022","1671494400","54258"
"12/21/2022","1671580800","51538"
"12/22/2022","1671667200","51941"
"12/23/2022","1671753600","50414"
"12/24/2022","1671840000","50140"
"12/25/2022","1671926400","48461"
"12/26/2022","1672012800","51416"
"12/27/2022","1672099200","51990"
"12/28/2022","1672185600","54722"
"12/29/2022","1672272000","55380"
"12/30/2022","1672358400","54036"
"12/31/2022","1672444800","51920"
"1/1/2023","1672531200","46384"
"1/2/2023","1672617600","49956"
"1/3/2023","1672704000","54392"
"1/4/2023","1672790400","56476"
"1/5/2023","1672876800","55256"
"1/6/2023","1672963200","55561"
"1/7/2023","1673049600","52027"
"1/8/2023","1673136000","52253"
"1/9/2023","1673222400","57488"
"1/10/2023","1673308800","55455"
"1/11/2023","1673395200","54454"
"1/12/2023","1673481600","55332"
"1/13/2023","1673568000","53107"
"1/14/2023","1673654400","54010"
"1/15/2023","1673740800","52079"
"1/16/2023","1673827200","53669"
"1/17/2023","1673913600","54697"
"1/18/2023","1674000000","55249"
"1/19/2023","1674086400","57824"
"1/20/2023","1674172800","56602"
"1/21/2023","1674259200","54403"
"1/22/2023","1674345600","54118"
"1/23/2023","1674432000","56154"
"1/24/2023","1674518400","55218"
"1/25/2023","1674604800","54793"
"1/26/2023","1674691200","55096"
"1/27/2023","1674777600","64359"
"1/28/2023","1674864000","59410"
"1/29/2023","1674950400","57982"
"1/30/2023","1675036800","62342"
"1/31/2023","1675123200","60330"
"2/1/2023","1675209600","56526"
"2/2/2023","1675296000","53438"
"2/3/2023","1675382400","52722"
"2/4/2023","1675468800","54046"
"2/5/2023","1675555200","53255"
"2/6/2023","1675641600","56869"
"2/7/2023","1675728000","55804"
"2/8/2023","1675814400","53786"
"2/9/2023","1675900800","54264"
"2/10/2023","1675987200","53969"
"2/11/2023","1676073600","47629"
"2/12/2023","1676160000","52274"
"2/13/2023","1676246400","52799"
"2/14/2023","1676332800","49659"
"2/15/2023","1676419200","51763"
"2/16/2023","1676505600","54283"
"2/17/2023","1676592000","55473"
"2/18/2023","1676678400","51329"
"2/19/2023","1676764800","49382"
"2/20/2023","1676851200","50153"
"2/21/2023","1676937600","50532"
"2/22/2023","1677024000","51535"
"2/23/2023","1677110400","59278"
"2/24/2023","1677196800","51526"
"2/25/2023","1677283200","50878"
"2/26/2023","1677369600","51899"
"2/27/2023","1677456000","52388"
"2/28/2023","1677542400","47967"
"3/1/2023","1677628800","49609"
"3/2/2023","1677715200","50610"
"3/3/2023","1677801600","49992"
"3/4/2023","1677888000","48144"
"3/5/2023","1677974400","47715"
"3/6/2023","1678060800","51477"
"3/7/2023","1678147200","51114"
"3/8/2023","1678233600","50987"
"3/9/2023","1678320000","52004"
"3/10/2023","1678406400","51510"
"3/11/2023","1678492800","53743"
"3/12/2023","1678579200","50750"
"3/13/2023","1678665600","52902"
"3/14/2023","1678752000","53138"
"3/15/2023","1678838400","50227"
"3/16/2023","1678924800","49045"
"3/17/2023","1679011200","52003"
"3/18/2023","1679097600","51970"
"3/19/2023","1679184000","52117"
"3/20/2023","1679270400","53507"
"3/21/2023","1679356800","53788"
"3/22/2023","1679443200","53151"
"3/23/2023","1679529600","53233"
"3/24/2023","1679616000","53210"
"3/25/2023","1679702400","50665"
"3/26/2023","1679788800","53775"
"3/27/2023","1679875200","53864"
"3/28/2023","1679961600","53955"
"3/29/2023","1680048000","50278"
"3/30/2023","1680134400","50970"
"3/31/2023","1680220800","51763"
"4/1/2023","1680307200","50663"
"4/2/2023","1680393600","48999"
"4/3/2023","1680480000","51871"
"4/4/2023","1680566400","52173"
"4/5/2023","1680652800","52527"
"4/6/2023","1680739200","54923"
"4/7/2023","1680825600","53098"
"4/8/2023","1680912000","53072"
"4/9/2023","1680998400","51399"
"4/10/2023","1681084800","51780"
"4/11/2023","1681171200","53287"
"4/12/2023","1681257600","50288"
"4/13/2023","1681344000","50545"
"4/14/2023","1681430400","50392"
"4/15/2023","1681516800","46586"
"4/16/2023","1681603200","44195"
"4/17/2023","1681689600","47551"
"4/18/2023","1681776000","49976"
"4/19/2023","1681862400","46294"
"4/20/2023","1681948800","43906"
"4/21/2023","1682035200","43150"
"4/22/2023","1682121600","40558"
"4/23/2023","1682208000","39711"
"4/24/2023","1682294400","43231"
"4/25/2023","1682380800","41260"
"4/26/2023","1682467200","41071"
"4/27/2023","1682553600","41684"
"4/28/2023","1682640000","39962"
"4/29/2023","1682726400","38322"
"4/30/2023","1682812800","39699"
"5/1/2023","1682899200","40561"
"5/2/2023","1682985600","43654"
"5/3/2023","1683072000","41911"
"5/4/2023","1683158400","39556"
"5/5/2023","1683244800","40549"
"5/6/2023","1683331200","38513"
"5/7/2023","1683417600","38854"
"5/8/2023","1683504000","41860"
"5/9/2023","1683590400","42523"
"5/10/2023","1683676800","44378"
"5/11/2023","1683763200","44878"
"5/12/2023","1683849600","44756"
"5/13/2023","1683936000","40849"
"5/14/2023","1684022400","42007"
"5/15/2023","1684108800","45771"
"5/16/2023","1684195200","46009"
"5/17/2023","1684281600","45925"
"5/18/2023","1684368000","46886"
"5/19/2023","1684454400","46355"
"5/20/2023","1684540800","45378"
"5/21/2023","1684627200","44824"
"5/22/2023","1684713600","48900"
"5/23/2023","1684800000","47755"
"5/24/2023","1684886400","48694"
"5/25/2023","1684972800","48951"
"5/26/2023","1685059200","51040"
"5/27/2023","1685145600","48289"
"5/28/2023","1685232000","44330"
"5/29/2023","1685318400","49408"
"5/30/2023","1685404800","50340"
"5/31/2023","1685491200","50568"
"6/1/2023","1685577600","49812"
"6/2/2023","1685664000","50777"
"6/3/2023","1685750400","45971"
"6/4/2023","1685836800","45131"
"6/5/2023","1685923200","48868"
"6/6/2023","1686009600","48787"
"6/7/2023","1686096000","47879"
"6/8/2023","1686182400","48398"
"6/9/2023","1686268800","50222"
"6/10/2023","1686355200","50826"
"6/11/2023","1686441600","44967"
"6/12/2023","1686528000","49989"
"6/13/2023","1686614400","48537"
"6/14/2023","1686700800","52686"
"6/15/2023","1686787200","51855"
"6/16/2023","1686873600","49036"
"6/17/2023","1686960000","44756"
"6/18/2023","1687046400","41925"
"6/19/2023","1687132800","44184"
"6/20/2023","1687219200","46474"
"6/21/2023","1687305600","48178"
"6/22/2023","1687392000","46803"
"6/23/2023","1687478400","46384"
"6/24/2023","1687564800","46130"
"6/25/2023","1687651200","45734"
"6/26/2023","1687737600","48116"
"6/27/2023","1687824000","49316"
"6/28/2023","1687910400","48543"
"6/29/2023","1687996800","51417"
"6/30/2023","1688083200","50224"
"7/1/2023","1688169600","45748"
"7/2/2023","1688256000","44439"
"7/3/2023","1688342400","49409"
"7/4/2023","1688428800","48849"
"7/5/2023","1688515200","46343"
"7/6/2023","1688601600","46344"
"7/7/2023","1688688000","43879"
"7/8/2023","1688774400","43433"
"7/9/2023","1688860800","43147"
"7/10/2023","1688947200","50149"
"7/11/2023","1689033600","49084"
"7/12/2023","1689120000","52089"
"7/13/2023","1689206400","53075"
"7/14/2023","1689292800","51104"
"7/15/2023","1689379200","45439"
"7/16/2023","1689465600","47172"
"7/17/2023","1689552000","48116"
"7/18/2023","1689638400","51250"
"7/19/2023","1689724800","51926"
"7/20/2023","1689811200","49800"
"7/21/2023","1689897600","48570"
"7/22/2023","1689984000","47077"
"7/23/2023","1690070400","45681"
"7/24/2023","1690156800","45807"
"7/25/2023","1690243200","47569"
"7/26/2023","1690329600","50477"
"7/27/2023","1690416000","50295"
"7/28/2023","1690502400","52148"
"7/29/2023","1690588800","52428"
"7/30/2023","1690675200","47846"
"7/31/2023","1690761600","51698"
"8/1/2023","1690848000","51123"
"8/2/2023","1690934400","50487"
"8/3/2023","1691020800","49727"
"8/4/2023","1691107200","49947"
"8/5/2023","1691193600","46176"
"8/6/2023","1691280000","45444"
"8/7/2023","1691366400","47187"
"8/8/2023","1691452800","49392"
"8/9/2023","1691539200","49389"
"8/10/2023","1691625600","51823"
"8/11/2023","1691712000","49818"
"8/12/2023","1691798400","45623"
"8/13/2023","1691884800","43656"
"8/14/2023","1691971200","44351"
"8/15/2023","1692057600","46153"
"8/16/2023","1692144000","45802"
"8/17/2023","1692230400","47186"
"8/18/2023","1692316800","47836"
"8/19/2023","1692403200","46557"
"8/20/2023","1692489600","43216"
"8/21/2023","1692576000","45602"
"8/22/2023","1692662400","45057"
"8/23/2023","1692748800","45302"
"8/24/2023","1692835200","44396"
"8/25/2023","1692921600","52198"
"8/26/2023","1693008000","62821"
"8/27/2023","1693094400","52114"
"8/28/2023","1693180800","59826"
"8/29/2023","1693267200","48810"
"8/30/2023","1693353600","51202"
"8/31/2023","1693440000","51554"
"9/1/2023","1693526400","49480"
"9/2/2023","1693612800","50938"
"9/3/2023","1693699200","55880"
"9/4/2023","1693785600","59846"
"9/5/2023","1693872000","59088"
"9/6/2023","1693958400","57742"
"9/7/2023","1694044800","62079"
"9/8/2023","1694131200","57954"
"9/9/2023","1694217600","53822"
"9/10/2023","1694304000","62630"
"9/11/2023","1694390400","65356"
"9/12/2023","1694476800","67538"
"9/13/2023","1694563200","64183"
"9/14/2023","1694649600","68431"
"9/15/2023","1694736000","54087"
"9/16/2023","1694822400","52920"
"9/17/2023","1694908800","49443"
"9/18/2023","1694995200","52936"
"9/19/2023","1695081600","48735"
"9/20/2023","1695168000","53509"
"9/21/2023","1695254400","50731"
"9/22/2023","1695340800","50331"
"9/23/2023","1695427200","48466"
"9/24/2023","1695513600","43056"
"9/25/2023","1695600000","47637"
"9/26/2023","1695686400","49832"
"9/27/2023","1695772800","53127"
"9/28/2023","1695859200","48073"
"9/29/2023","1695945600","46658"
"9/30/2023","1696032000","45361"
"10/1/2023","1696118400","44658"
"10/2/2023","1696204800","49150"
"10/3/2023","1696291200","55921"
"10/4/2023","1696377600","47935"
"10/5/2023","1696464000","48183"
"10/6/2023","1696550400","48238"
"10/7/2023","1696636800","48829"
"10/8/2023","1696723200","45739"
"10/9/2023","1696809600","47295"
"10/10/2023","1696896000","43992"
"10/11/2023","1696982400","48969"
"10/12/2023","1697068800","47992"
"10/13/2023","1697155200","50476"
"10/14/2023","1697241600","49901"
"10/15/2023","1697328000","48815"
"10/16/2023","1697414400","56197"
"10/17/2023","1697500800","53963"
"10/18/2023","1697587200","47719"
"10/19/2023","1697673600","46572"
"10/20/2023","1697760000","47865"
"10/21/2023","1697846400","50816"
"10/22/2023","1697932800","58247"
"10/23/2023","1698019200","58687"
"10/24/2023","1698105600","57746"
"10/25/2023","1698192000","48663"
"10/26/2023","1698278400","50199"
"10/27/2023","1698364800","53008"
"10/28/2023","1698451200","47247"
"10/29/2023","1698537600","52314"
"10/30/2023","1698624000","49796"
"10/31/2023","1698710400","52500"
"11/1/2023","1698796800","50365"
"11/2/2023","1698883200","53398"
"11/3/2023","1698969600","46928"
"11/4/2023","1699056000","45909"
"11/5/2023","1699142400","44926"
"11/6/2023","1699228800","48946"
"11/7/2023","1699315200","48464"
"11/8/2023","1699401600","49300"
"11/9/2023","1699488000","52891"
"11/10/2023","1699574400","48846"
"11/11/2023","1699660800","52424"
"11/12/2023","1699747200","48497"
"11/13/2023","1699833600","52320"
"11/14/2023","1699920000","51978"
"11/15/2023","1700006400","64212"
"11/16/2023","1700092800","97088"
"11/17/2023","1700179200","67983"
"11/18/2023","1700265600","48847"
"11/19/2023","1700352000","52333"
"11/20/2023","1700438400","56851"
"11/21/2023","1700524800","54746"
"11/22/2023","1700611200","53920"
"11/23/2023","1700697600","79027"
"11/24/2023","1700784000","104394"
"11/25/2023","1700870400","65884"
"11/26/2023","1700956800","70162"
"11/27/2023","1701043200","77321"
"11/28/2023","1701129600","85419"
"11/29/2023","1701216000","86309"
"11/30/2023","1701302400","92672"
"12/1/2023","1701388800","66349"
"12/2/2023","1701475200","57729"
"12/3/2023","1701561600","70484"
"12/4/2023","1701648000","84793"
"12/5/2023","1701734400","77321"
"12/6/2023","1701820800","72602"
"12/7/2023","1701907200","81221"
"12/8/2023","1701993600","93864"
"12/9/2023","1702080000","65230"
"12/10/2023","1702166400","63903"
"12/11/2023","1702252800","64082"
"12/12/2023","1702339200","76147"
"12/13/2023","1702425600","81727"
"12/14/2023","1702512000","76235"
"12/15/2023","1702598400","69900"
"12/16/2023","1702684800","48680"
"12/17/2023","1702771200","56136"
"12/18/2023","1702857600","57313"
"12/19/2023","1702944000","60463"
"12/20/2023","1703030400","67171"
"12/21/2023","1703116800","61870"
"12/22/2023","1703203200","59385"
"12/23/2023","1703289600","54443"
"12/24/2023","1703376000","54059"
"12/25/2023","1703462400","52360"
"12/26/2023","1703548800","51247"
"12/27/2023","1703635200","52220"
"12/28/2023","1703721600","49256"
"12/29/2023","1703808000","49815"
"12/30/2023","1703894400","49524"
"12/31/2023","1703980800","49258"
"1/1/2024","1704067200","50361"
"1/2/2024","1704153600","52194"
"1/3/2024","1704240000","51036"
"1/4/2024","1704326400","53616"
"1/5/2024","1704412800","55120"
"1/6/2024","1704499200","49508"
"1/7/2024","1704585600","48678"
"1/8/2024","1704672000","53275"
"1/9/2024","1704758400","54514"
"1/10/2024","1704844800","53642"
"1/11/2024","1704931200","55137"
"1/12/2024","1705017600","53395"
"1/13/2024","1705104000","52096"
"1/14/2024","1705190400","48954"
"1/15/2024","1705276800","52240"
"1/16/2024","1705363200","53452"
"1/17/2024","1705449600","58353"
"1/18/2024","1705536000","55753"
"1/19/2024","1705622400","57523"
"1/20/2024","1705708800","52141"
"1/21/2024","1705795200","51812"
"1/22/2024","1705881600","58465"
"1/23/2024","1705968000","55752"
"1/24/2024","1706054400","55683"
"1/25/2024","1706140800","59461"
"1/26/2024","1706227200","59798"
"1/27/2024","1706313600","55810"
"1/28/2024","1706400000","54947"
"1/29/2024","1706486400","56876"
"1/30/2024","1706572800","58478"
"1/31/2024","1706659200","60966"
"2/1/2024","1706745600","58762"
"2/2/2024","1706832000","62452"
"2/3/2024","1706918400","60190"
"2/4/2024","1707004800","59116"
"2/5/2024","1707091200","63554"
"2/6/2024","1707177600","57270"
"2/7/2024","1707264000","54233"
"2/8/2024","1707350400","53440"
"2/9/2024","1707436800","53454"
"2/10/2024","1707523200","51363"
"2/11/2024","1707609600","53218"
"2/12/2024","1707696000","53816"
"2/13/2024","1707782400","55072"
"2/14/2024","1707868800","56263"
"2/15/2024","1707955200","56628"
"2/16/2024","1708041600","56918"
"2/17/2024","1708128000","50963"
"2/18/2024","1708214400","51966"
"2/19/2024","1708300800","54257"
"2/20/2024","1708387200","55237"
"2/21/2024","1708473600","58236"
"2/22/2024","1708560000","55057"
"2/23/2024","1708646400","57041"
"2/24/2024","1708732800","55674"
"2/25/2024","1708819200","56025"
"2/26/2024","1708905600","56540"
"2/27/2024","1708992000","58204"
"2/28/2024","1709078400","55112"
"2/29/2024","1709164800","55454"
"3/1/2024","1709251200","55800"
"3/2/2024","1709337600","54379"
"3/3/2024","1709424000","54337"
"3/4/2024","1709510400","60166"
"3/5/2024","1709596800","57324"
"3/6/2024","1709683200","60369"
"3/7/2024","1709769600","64575"
"3/8/2024","1709856000","64096"
"3/9/2024","1709942400","65121"
"3/10/2024","1710028800","66227"
"3/11/2024","1710115200","63774"
"3/12/2024","1710201600","64294"
"3/13/2024","1710288000","62804"
"3/14/2024","1710374400","60993"
"3/15/2024","1710460800","56939"
"3/16/2024","1710547200","54010"
"3/17/2024","1710633600","52879"
"3/18/2024","1710720000","55430"
"3/19/2024","1710806400","59035"
"3/20/2024","1710892800","59599"
"3/21/2024","1710979200","59801"
"3/22/2024","1711065600","61713"
"3/23/2024","1711152000","58640"
"3/24/2024","1711238400","57867"
"3/25/2024","1711324800","58853"
"3/26/2024","1711411200","61118"
"3/27/2024","1711497600","61374"
"3/28/2024","1711584000","60077"
"3/29/2024","1711670400","62272"
"3/30/2024","1711756800","58771"
"3/31/2024","1711843200","55034"
"4/1/2024","1711929600","55741"
"4/2/2024","1712016000","58452"
"4/3/2024","1712102400","59955"
"4/4/2024","1712188800","61042"
"4/5/2024","1712275200","61210"
"4/6/2024","1712361600","59912"
"4/7/2024","1712448000","59204"
"4/8/2024","1712534400","58281"
"4/9/2024","1712620800","61530"
"4/10/2024","1712707200","62928"
"4/11/2024","1712793600","60977"
"4/12/2024","1712880000","65668"
"4/13/2024","1712966400","61594"
"4/14/2024","1713052800","62797"
"4/15/2024","1713139200","60546"
"4/16/2024","1713225600","58836"
"4/17/2024","1713312000","61656"
"4/18/2024","1713398400","64175"
"4/19/2024","1713484800","64574"
"4/20/2024","1713571200","60791"
"4/21/2024","1713657600","60213"
"4/22/2024","1713744000","62505"
"4/23/2024","1713830400","62912"
"4/24/2024","1713916800","59771"
"4/25/2024","1714003200","60172"
"4/26/2024","1714089600","60640"
"4/27/2024","1714176000","58439"
"4/28/2024","1714262400","60250"
"4/29/2024","1714348800","61383"
"4/30/2024","1714435200","63997"
"5/1/2024","1714521600","61156"
"5/2/2024","1714608000","57656"
"5/3/2024","1714694400","58461"
"5/4/2024","1714780800","50046"
"5/5/2024","1714867200","45079"
"5/6/2024","1714953600","48748"
"5/7/2024","1715040000","48270"
"5/8/2024","1715126400","52662"
"5/9/2024","1715212800","58965"
"5/10/2024","1715299200","60302"
"5/11/2024","1715385600","52183"
"5/12/2024","1715472000","52027"
"5/13/2024","1715558400","57694"
"5/14/2024","1715644800","53795"
"5/15/2024","1715731200","55663"
"5/16/2024","1715817600","56011"
"5/17/2024","1715904000","59948"
"5/18/2024","1715990400","55616"
"5/19/2024","1716076800","48669"
"5/20/2024","1716163200","56293"
"5/21/2024","1716249600","57298"
"5/22/2024","1716336000","59196"
"5/23/2024","1716422400","64724"
"5/24/2024","1716508800","63339"
"5/25/2024","1716595200","58822"
"5/26/2024","1716681600","60784"
"5/27/2024","1716768000","67118"
"5/28/2024","1716854400","63927"
"5/29/2024","1716940800","63532"
"5/30/2024","1717027200","61273"
"5/31/2024","1717113600","62707"
"6/1/2024","1717200000","53853"
"6/2/2024","1717286400","53924"
"6/3/2024","1717372800","58660"
"6/4/2024","1717459200","56380"
"6/5/2024","1717545600","55879"
"6/6/2024","1717632000","54839"
"6/7/2024","1717718400","61642"
"6/8/2024","1717804800","55073"
"6/9/2024","1717891200","57431"
"6/10/2024","1717977600","53479"
"6/11/2024","1718064000","60259"
"6/12/2024","1718150400","59192"
"6/13/2024","1718236800","58497"
"6/14/2024","1718323200","62193"
"6/15/2024","1718409600","50018"
"6/16/2024","1718496000","46722"
"6/17/2024","1718582400","57608"
"6/18/2024","1718668800","67805"
"6/19/2024","1718755200","67534"
"6/20/2024","1718841600","66146"
"6/21/2024","1718928000","69014"
"6/22/2024","1719014400","61723"
"6/23/2024","1719100800","64961"
"6/24/2024","1719187200","68313"
"6/25/2024","1719273600","62028"
"6/26/2024","1719360000","61548"
"6/27/2024","1719446400","66979"
"6/28/2024","1719532800","67702"
"6/29/2024","1719619200","70989"
"6/30/2024","1719705600","55548"
"7/1/2024","1719792000","65115"
"7/2/2024","1719878400","63379"
"7/3/2024","1719964800","61025"
"7/4/2024","1720051200","64535"
"7/5/2024","1720137600","69166"
"7/6/2024","1720224000","61491"
"7/7/2024","1720310400","60083"
"7/8/2024","1720396800","63503"
"7/9/2024","1720483200","60318"
"7/10/2024","1720569600","62008"
"7/11/2024","1720656000","61011"
"7/12/2024","1720742400","65839"
"7/13/2024","1720828800","59584"
"7/14/2024","1720915200","55133"
"7/15/2024","1721001600","62702"
"7/16/2024","1721088000","60976"
"7/17/2024","1721174400","65114"
"7/18/2024","1721260800","63989"
"7/19/2024","1721347200","68539"
"7/20/2024","1721433600","56866"
"7/21/2024","1721520000","60907"
"7/22/2024","1721606400","65077"
"7/23/2024","1721692800","62484"
"7/24/2024","1721779200","65016"
"7/25/2024","1721865600","61278"
"7/26/2024","1721952000","60228"
"7/27/2024","1722038400","57516"
"7/28/2024","1722124800","54773"
"7/29/2024","1722211200","59482"
"7/30/2024","1722297600","65264"
"7/31/2024","1722384000","55080"
"8/1/2024","1722470400","58006"
"8/2/2024","1722556800","64898"
"8/3/2024","1722643200","54600"
"8/4/2024","1722729600","53558"
"8/5/2024","1722816000","57253"
"8/6/2024","1722902400","58505"
"8/7/2024","1722988800","59960"
"8/8/2024","1723075200","60912"
"8/9/2024","1723161600","66387"
"8/10/2024","1723248000","55601"
"8/11/2024","1723334400","51905"
"8/12/2024","1723420800","57325"
"8/13/2024","1723507200","53583"
"8/14/2024","1723593600","47350"
"8/15/2024","1723680000","54595"
"8/16/2024","1723766400","64146"
"8/17/2024","1723852800","49350"
"8/18/2024","1723939200","46099"
"8/19/2024","1724025600","51984"
"8/20/2024","1724112000","55010"
"8/21/2024","1724198400","54709"
"8/22/2024","1724284800","51370"
"8/23/2024","1724371200","59001"
"8/24/2024","1724457600","52040"
"8/25/2024","1724544000","54499"
"8/26/2024","1724630400","58399"
"8/27/2024","1724716800","59707"
"8/28/2024","1724803200","63274"
"8/29/2024","1724889600","62571"
"8/30/2024","1724976000","64118"
"8/31/2024","1725062400","51911"
"9/1/2024","1725148800","51013"
"9/2/2024","1725235200","53172"
"9/3/2024","1725321600","56326"
"9/4/2024","1725408000","59702"
"9/5/2024","1725494400","55994"
"9/6/2024","1725580800","66573"
"9/7/2024","1725667200","50478"
"9/8/2024","1725753600","47404"
"9/9/2024","1725840000","52119"
"9/10/2024","1725926400","56302"
"9/11/2024","1726012800","60173"
"9/12/2024","1726099200","56797"
"9/13/2024","1726185600","58593"
"9/14/2024","1726272000","54005"
"9/15/2024","1726358400","53130"
"9/16/2024","1726444800","53682"
"9/17/2024","1726531200","48061"
"9/18/2024","1726617600","52639"
"9/19/2024","1726704000","55779"
"9/20/2024","1726790400","63347"
"9/21/2024","1726876800","47251"
"9/22/2024","1726963200","50671"
"9/23/2024","1727049600","51609"
"9/24/2024","1727136000","54295"
"9/25/2024","1727222400","53390"
"9/26/2024","1727308800","49356"
"9/27/2024","1727395200","57264"
"9/28/2024","1727481600","48339"
"9/29/2024","1727568000","48997"
"9/30/2024","1727654400","53147"
"10/1/2024","1727740800","54955"
"10/2/2024","1727827200","54330"
"10/3/2024","1727913600","54285"
"10/4/2024","1728000000","60869"
"10/5/2024","1728086400","50716"
"10/6/2024","1728172800","51188"
"10/7/2024","1728259200","55167"
"10/8/2024","1728345600","54396"
"10/9/2024","1728432000","54031"
"10/10/2024","1728518400","55284"
"10/11/2024","1728604800","62394"
"10/12/2024","1728691200","52275"
"10/13/2024","1728777600","47789"
"10/14/2024","1728864000","54883"
"10/15/2024","1728950400","56748"
"10/16/2024","1729036800","57653"
"10/17/2024","1729123200","58953"
"10/18/2024","1729209600","64291"
"10/19/2024","1729296000","55706"
"10/20/2024","1729382400","53383"
"10/21/2024","1729468800","62195"
"10/22/2024","1729555200","65409"
"10/23/2024","1729641600","64867"
"10/24/2024","1729728000","67270"
"10/25/2024","1729814400","72389"
"10/26/2024","1729900800","58235"
"10/27/2024","1729987200","57745"
"10/28/2024","1730073600","64215"
"10/29/2024","1730160000","68117"
"10/30/2024","1730246400","69679"
"10/31/2024","1730332800","67774"
"11/1/2024","1730419200","71541"
"11/2/2024","1730505600","60647"
"11/3/2024","1730592000","60397"
"11/4/2024","1730678400","66619"
"11/5/2024","1730764800","69109"
"11/6/2024","1730851200","68267"
"11/7/2024","1730937600","62469"
"11/8/2024","1731024000","69105"
"11/9/2024","1731110400","64030"
"11/10/2024","1731196800","64985"
"11/11/2024","1731283200","65013"
"11/12/2024","1731369600","63555"
"11/13/2024","1731456000","65592"
"11/14/2024","1731542400","63436"
"11/15/2024","1731628800","69974"
"11/16/2024","1731715200","63055"
"11/17/2024","1731801600","57363"
"11/18/2024","1731888000","61125"
"11/19/2024","1731974400","60954"
"11/20/2024","1732060800","61432"
"11/21/2024","1732147200","62192"
"11/22/2024","1732233600","70196"
"11/23/2024","1732320000","61245"
"11/24/2024","1732406400","60796"
"11/25/2024","1732492800","60696"
"11/26/2024","1732579200","60713"
"11/27/2024","1732665600","62681"
"11/28/2024","1732752000","61519"
"11/29/2024","1732838400","69152"
"11/30/2024","1732924800","65195"
"12/1/2024","1733011200","65103"
"12/2/2024","1733097600","64957"
"12/3/2024","1733184000","62075"
"12/4/2024","1733270400","65569"
"12/5/2024","1733356800","65980"
"12/6/2024","1733443200","71427"
"12/7/2024","1733529600","58740"
"12/8/2024","1733616000","58259"
"12/9/2024","1733702400","66656"
"12/10/2024","1733788800","62973"
"12/11/2024","1733875200","63499"
"12/12/2024","1733961600","64506"
"12/13/2024","1734048000","71943"
"12/14/2024","1734134400","58440"
